Questions,Answers,Label
How does Warren Buffett adapt when market valuations become excessive?,He slows down stock purchases and holds cash until better opportunities appear.,Adaptability
How does Buffett react when he cannot find attractively priced investments?,He patiently waits and preserves capital instead of forcing investments.,Adaptability
How does Buffett adjust to changing economic conditions?,He reallocates capital toward businesses with durable advantages and stable earnings.,Adaptability
How does Buffett respond to shifts in industry profitability?,He moves capital away from declining industries and toward stronger sectors.,Adaptability
How does Buffett adapt when an investment thesis proves incorrect?,He acknowledges the mistake and reallocates resources to better opportunities.,Adaptability
What does Buffett do when markets become volatile?,He maintains a long-term perspective and avoids emotional reactions.,Adaptability
How does Buffett respond to periods of economic uncertainty?,He emphasizes financial strength and liquidity to remain flexible.,Adaptability
How does Buffett adapt to inflationary environments?,He favors companies with strong pricing power.,Adaptability
How does Buffett adjust Berkshire Hathaway’s strategy during market downturns?,He looks for undervalued companies created by temporary pessimism.,Adaptability
How does Buffett respond when opportunities are scarce?,He maintains patience and waits for better conditions.,Adaptability
How does Buffett adapt when an acquired business underperforms?,He reevaluates management and strategy to improve performance.,Adaptability
How does Buffett handle structural industry decline?,He gradually exits investments in industries with weak long-term prospects.,Adaptability
How does Buffett adjust his investment approach when interest rates change?,He reevaluates the relative attractiveness of equities and fixed income.,Adaptability
How does Buffett adapt capital allocation during bull markets?,He becomes more selective and cautious about valuations.,Adaptability
How does Buffett respond to large amounts of available cash?,He waits until compelling opportunities arise instead of rushing investments.,Adaptability
How does Buffett adapt his thinking over decades?,He continuously learns from experience and updates his judgments.,Adaptability
How does Buffett react when market sentiment becomes overly optimistic?,He exercises restraint and avoids speculative investments.,Adaptability
How does Buffett adjust when market pessimism creates bargains?,He aggressively purchases undervalued companies.,Adaptability
How does Buffett respond when an industry becomes highly competitive?,He focuses on firms with durable competitive advantages.,Adaptability
How does Buffett adapt Berkshire’s strategy during financial crises?,He provides capital to strong companies needing liquidity.,Adaptability
How does Buffett handle unexpected economic shocks?,He relies on Berkshire’s financial strength to stay flexible.,Adaptability
How does Buffett adapt when acquisition opportunities appear?,He acts decisively when valuations meet his criteria.,Adaptability
How does Buffett respond to rising competition in a business?,He emphasizes efficiency and long-term value creation.,Adaptability
How does Buffett adjust portfolio concentration?,He increases exposure to the most promising opportunities.,Adaptability
How does Buffett adapt to technological change?,He invests only when he understands the long-term economics.,Adaptability
How does Buffett respond to changes in management performance?,He supports capable managers and replaces ineffective ones.,Adaptability
How does Buffett adapt his expectations about investment returns?,He revises expectations based on economic conditions.,Adaptability
How does Buffett adjust to new investment opportunities?,He evaluates them carefully before committing capital.,Adaptability
How does Buffett react when markets become irrational?,He refuses to follow the crowd and maintains discipline.,Adaptability
How does Buffett adapt during extended bull markets?,He focuses on preserving capital while waiting for better prices.,Adaptability
How does Buffett respond when economic forecasts change?,He focuses on business fundamentals rather than predictions.,Adaptability
How does Buffett adapt Berkshire’s insurance strategy to market cycles?,He reduces underwriting when premiums are inadequate.,Adaptability
How does Buffett adjust to new regulatory environments?,He adapts Berkshire’s operations to comply while maintaining profitability.,Adaptability
How does Buffett react when businesses face declining demand?,He reassesses their long-term viability.,Adaptability
How does Buffett adapt when investment opportunities improve suddenly?,He deploys capital quickly when value appears.,Adaptability
How does Buffett respond to excessive leverage in markets?,He maintains conservative financial policies.,Adaptability
How does Buffett adapt to long periods without acquisitions?,He waits patiently rather than lowering his standards.,Adaptability
How does Buffett react to unexpected losses?,He studies the causes and adjusts future decisions.,Adaptability
How does Buffett adapt to macroeconomic changes?,He focuses on companies with resilient business models.,Adaptability
How does Buffett respond to rising market speculation?,He maintains a value-oriented discipline.,Adaptability
How does Buffett adapt his investment horizon?,He commits capital only to businesses with durable prospects.,Adaptability
How does Buffett adjust to new economic trends?,He studies them but invests only within his circle of competence.,Adaptability
How does Buffett respond to sudden market corrections?,He searches for undervalued companies.,Adaptability
How does Buffett adapt Berkshire’s cash management?,He keeps large reserves for future opportunities.,Adaptability
How does Buffett respond to capital market disruptions?,He uses Berkshire’s liquidity to act when others cannot.,Adaptability
How does Buffett adapt to mistakes in valuation?,He reassesses the intrinsic value and adjusts holdings.,Adaptability
How does Buffett react when a company loses its competitive advantage?,He reduces or exits the investment.,Adaptability
How does Buffett adjust when acquisition prices rise?,He stops bidding and waits for better deals.,Adaptability
How does Buffett respond to changing consumer behavior?,He evaluates how it affects long-term business economics.,Adaptability
How does Buffett adapt to long economic expansions?,He avoids overpaying for growth.,Adaptability
How does Buffett respond to periods of pessimism?,He views them as opportunities for disciplined investors.,Adaptability
How does Buffett adapt Berkshire’s strategy to global opportunities?,He considers investments outside the United States.,Adaptability
How does Buffett respond when markets ignore fundamentals?,He maintains focus on intrinsic value.,Adaptability
How does Buffett adapt to changing corporate performance?,He continuously reassesses business quality.,Adaptability
How does Buffett react when stock prices diverge from business value?,He bases decisions on fundamentals rather than price movements.,Adaptability
How does Buffett adjust Berkshire’s investment pace?,He invests more when valuations are attractive.,Adaptability
How does Buffett respond to declining profitability in an investment?,He reevaluates the company’s long-term prospects.,Adaptability
How does Buffett adapt during times of abundant liquidity?,He becomes cautious about inflated valuations.,Adaptability
How does Buffett respond when competitors overexpand?,He maintains discipline and avoids excessive growth.,Adaptability
How does Buffett adapt to changes in market structure?,He studies them before altering strategy.,Adaptability
How does Buffett respond to new industries emerging?,He invests only if he understands their economics.,Adaptability
How does Buffett adapt when market cycles repeat?,He applies lessons learned from past cycles.,Adaptability
How does Buffett react to extreme investor optimism?,He resists the urge to speculate.,Adaptability
How does Buffett adjust his expectations about economic growth?,He remains conservative in projections.,Adaptability
How does Buffett respond to short-term market noise?,He ignores it and focuses on long-term value.,Adaptability
How does Buffett adapt Berkshire’s long-term strategy?,He emphasizes flexibility in capital allocation.,Adaptability
How does Buffett respond when businesses face temporary setbacks?,He distinguishes temporary issues from permanent decline.,Adaptability
How does Buffett adapt to shifts in competitive landscapes?,He evaluates whether advantages remain durable.,Adaptability
How does Buffett respond to global economic uncertainty?,He maintains strong liquidity.,Adaptability
How does Buffett adapt when opportunities arise unexpectedly?,He moves quickly with decisive investments.,Adaptability
How does Buffett react to valuation bubbles?,He avoids participating in speculative excess.,Adaptability
How does Buffett adjust to changes in shareholder expectations?,He communicates long-term strategy clearly.,Adaptability
How does Buffett respond to financial innovation?,He adopts a cautious approach unless risks are understood.,Adaptability
How does Buffett adapt when markets become inefficient?,He exploits mispricing opportunities.,Adaptability
How does Buffett react when new management improves a company?,He may increase investment if prospects improve.,Adaptability
How does Buffett adapt to economic downturns?,He positions Berkshire to take advantage of distressed opportunities.,Adaptability
How does Buffett respond to investment mistakes publicly?,He openly acknowledges them in shareholder letters.,Adaptability
How does Buffett adapt his investment discipline over time?,He integrates lessons learned from experience.,Adaptability
How does Buffett react to temporary market panic?,He remains calm and evaluates intrinsic value.,Adaptability
How does Buffett adjust to changing capital markets?,He seeks opportunities where capital is scarce.,Adaptability
How does Buffett respond to declining competitive advantages?,He exits investments lacking durable moats.,Adaptability
How does Buffett adapt to shifting investment environments?,He prioritizes flexibility in capital allocation.,Adaptability
How does Buffett respond to unexpected opportunities?,He deploys large amounts of capital quickly.,Adaptability
How does Buffett adapt Berkshire’s portfolio composition?,He concentrates investments in high-quality businesses.,Adaptability
How does Buffett respond when forecasts prove unreliable?,He relies more on business fundamentals.,Adaptability
How does Buffett adapt to long-term economic change?,He focuses on resilient companies.,Adaptability
How does Buffett respond to speculative market trends?,He maintains disciplined valuation standards.,Adaptability
How does Buffett adapt his investment pace during crises?,He increases activity when prices are depressed.,Adaptability
How does Buffett respond to competitive disruptions?,He reassesses the durability of business advantages.,Adaptability
How does Buffett adapt to new knowledge?,He continuously studies businesses and markets.,Adaptability
How does Buffett respond to capital allocation challenges?,He directs resources toward the highest return opportunities.,Adaptability
How does Buffett adapt to investor sentiment swings?,He separates market emotion from business value.,Adaptability
How does Buffett respond to structural economic changes?,He reassesses industry dynamics before investing.,Adaptability
How does Buffett adapt Berkshire’s strategy to long-term uncertainty?,He maintains strong financial flexibility.,Adaptability
How does Buffett respond to prolonged market overvaluation?,He emphasizes patience and liquidity.,Adaptability
How does Buffett adapt when superior opportunities appear?,He reallocates capital accordingly.,Adaptability
How does Buffett respond to major economic disruptions?,He seeks opportunities created by temporary distress.,Adaptability
How does Buffett adapt to evolving market conditions?,He maintains disciplined evaluation of intrinsic value.,Adaptability
How does Warren Buffett adapt when long-held assumptions about a business change?,He reassesses the company's long-term economics and adjusts his investment position accordingly.,Adaptability
How does Buffett adapt when new information contradicts his original analysis?,He updates his judgment based on the new evidence and reallocates capital if necessary.,Adaptability
How does Warren Buffett adapt when market enthusiasm drives prices beyond intrinsic value?,He refrains from investing and waits for rational pricing.,Adaptability
How does Buffett modify investment activity during speculative bubbles?,He reduces buying activity and preserves liquidity.,Adaptability
How does Buffett adapt to uncertainty in economic forecasts?,He focuses on business fundamentals rather than predictions.,Adaptability
How does Buffett respond when capital markets tighten?,He uses Berkshire’s strong balance sheet to remain flexible.,Adaptability
How does Buffett adapt when acquisition competition increases?,He walks away from deals that exceed his valuation limits.,Adaptability
How does Buffett adjust to evolving business risks?,He reassesses long-term competitive advantages regularly.,Adaptability
How does Buffett respond to unexpected macroeconomic shifts?,He maintains diversification across resilient businesses.,Adaptability
How does Buffett adapt when management quality changes?,He reevaluates confidence in leadership effectiveness.,Adaptability
How does Buffett react when a company’s moat weakens?,He considers reducing or exiting the investment.,Adaptability
How does Buffett adapt during prolonged low-return environments?,He maintains discipline and waits for superior opportunities.,Adaptability
How does Buffett respond to sudden liquidity shortages in markets?,He provides capital selectively where returns justify risk.,Adaptability
How does Buffett adapt investment size based on opportunity quality?,He allocates larger capital to higher conviction ideas.,Adaptability
How does Buffett adjust when economic growth slows?,He favors stable cash-generating companies.,Adaptability
How does Buffett respond to short-term earnings volatility?,He evaluates long-term earning power instead.,Adaptability
How does Buffett adapt Berkshire’s investment pace during uncertainty?,He slows activity until clarity improves.,Adaptability
How does Buffett adjust when competitors pursue aggressive expansion?,He avoids imitation and maintains valuation discipline.,Adaptability
How does Buffett respond to technological disruption risks?,He invests only where business economics remain understandable.,Adaptability
How does Buffett adapt when investment opportunities cluster together?,He deploys capital decisively but selectively.,Adaptability
How does Buffett react to rising market leverage?,He maintains conservative financial policies.,Adaptability
How does Buffett adapt to declining interest rate environments?,He reassesses relative investment attractiveness.,Adaptability
How does Buffett respond when equity returns compress?,He searches for mispriced individual companies.,Adaptability
How does Buffett adapt to regulatory changes affecting industries?,He evaluates long-term economic impact before acting.,Adaptability
How does Buffett respond when public sentiment turns negative?,He investigates whether pessimism creates value.,Adaptability
How does Buffett adapt to prolonged uncertainty?,He prioritizes liquidity and financial resilience.,Adaptability
How does Buffett adjust his strategy when inflation expectations rise?,He favors businesses with pricing flexibility.,Adaptability
How does Buffett respond to sudden valuation corrections?,He increases analysis to identify opportunities.,Adaptability
How does Buffett adapt Berkshire’s strategy during recessions?,He positions capital to benefit from recovery.,Adaptability
How does Buffett respond when industries consolidate?,He evaluates whether competitive advantages strengthen.,Adaptability
How does Buffett adapt to changes in consumer demand?,He reassesses long-term revenue sustainability.,Adaptability
How does Buffett respond to unpredictable global events?,He avoids emotional decision-making.,Adaptability
How does Buffett adapt when investment returns exceed expectations?,He reassesses valuation and future potential.,Adaptability
How does Buffett respond to long bull markets?,He becomes increasingly selective.,Adaptability
How does Buffett adapt portfolio risk during uncertain periods?,He emphasizes financially strong businesses.,Adaptability
How does Buffett respond when capital becomes abundant?,He maintains strict investment criteria.,Adaptability
How does Buffett adapt when economic pessimism dominates markets?,He increases attention to undervalued assets.,Adaptability
How does Buffett respond to rising acquisition prices?,He delays purchases until valuations improve.,Adaptability
How does Buffett adapt investment decisions to new data?,He updates assumptions and valuation models.,Adaptability
How does Buffett respond when business fundamentals deteriorate?,He reassesses ownership decisions objectively.,Adaptability
How does Buffett adapt Berkshire’s strategy across decades?,He evolves capital allocation while keeping core principles.,Adaptability
How does Buffett respond to sudden market optimism?,He avoids speculative participation.,Adaptability
How does Buffett adapt to currency or global economic shifts?,He evaluates underlying business resilience.,Adaptability
How does Buffett respond when analysts change forecasts frequently?,He relies on independent analysis.,Adaptability
How does Buffett adapt to emerging risks?,He emphasizes margin of safety.,Adaptability
How does Buffett respond to valuation uncertainty?,He increases required return thresholds.,Adaptability
How does Buffett adapt during credit crises?,He invests where liquidity is scarce.,Adaptability
How does Buffett respond when investor sentiment fluctuates rapidly?,He focuses on intrinsic value consistency.,Adaptability
How does Buffett adapt Berkshire’s strategy to long-term growth trends?,He invests in enduring business models.,Adaptability
How does Buffett respond to overconfidence in markets?,He maintains skepticism and discipline.,Adaptability
How does Buffett adapt when industry economics shift permanently?,He reallocates capital elsewhere.,Adaptability
How does Buffett respond to declining competitive intensity?,He evaluates potential profitability improvements.,Adaptability
How does Buffett adapt to changing risk environments?,He prioritizes downside protection.,Adaptability
How does Buffett respond when new information contradicts consensus?,He performs independent reassessment.,Adaptability
How does Buffett adapt investment holding periods?,He adjusts only if long-term economics change.,Adaptability
How does Buffett respond to rapid price appreciation?,He evaluates whether valuation still supports ownership.,Adaptability
How does Buffett adapt to unexpected operational challenges?,He trusts capable management teams.,Adaptability
How does Buffett respond when opportunities disappear temporarily?,He waits patiently.,Adaptability
How does Buffett adapt to changing competitive dynamics?,He studies whether moats remain intact.,Adaptability
How does Buffett respond to macroeconomic speculation?,He ignores short-term predictions.,Adaptability
How does Buffett adapt capital allocation under uncertainty?,He keeps optionality through liquidity.,Adaptability
How does Buffett respond to earnings surprises?,He analyzes sustainability rather than reacting instantly.,Adaptability
How does Buffett adapt Berkshire’s investment philosophy over time?,He refines application while preserving core principles.,Adaptability
How does Buffett respond to rapid innovation cycles?,He invests selectively within competence.,Adaptability
How does Buffett adapt to market inefficiencies?,He exploits pricing errors patiently.,Adaptability
How does Buffett respond when risk premiums change?,He recalibrates expected returns.,Adaptability
How does Buffett adapt to declining investment opportunities?,He holds cash reserves.,Adaptability
How does Buffett respond when investor fear peaks?,He searches actively for value.,Adaptability
How does Buffett adapt when optimism returns after crises?,He reassesses valuations cautiously.,Adaptability
How does Buffett respond to uncertain earnings outlooks?,He emphasizes long-term earning power.,Adaptability
How does Buffett adapt to structural economic transitions?,He evaluates durable competitive positioning.,Adaptability
How does Buffett respond to unpredictable market timing?,He avoids timing and focuses on value.,Adaptability
How does Buffett adapt when businesses mature?,He evaluates reinvestment opportunities.,Adaptability
How does Buffett respond when returns decline industry-wide?,He reallocates capital strategically.,Adaptability
How does Buffett adapt to capital allocation mistakes?,He corrects course transparently.,Adaptability
How does Buffett respond to changing investor expectations?,He communicates long-term philosophy clearly.,Adaptability
How does Buffett adapt to financial market evolution?,He maintains fundamental analysis discipline.,Adaptability
How does Buffett respond to temporary business disruptions?,He distinguishes temporary from permanent effects.,Adaptability
How does Buffett adapt portfolio concentration over time?,He increases focus on strongest businesses.,Adaptability
How does Buffett respond to increased uncertainty premiums?,He seeks attractive risk-adjusted returns.,Adaptability
How does Buffett adapt investment evaluation methods?,He improves judgment through experience.,Adaptability
How does Buffett respond when opportunity costs increase?,He reallocates capital efficiently.,Adaptability
How does Buffett adapt Berkshire during economic recovery?,He supports businesses positioned for growth.,Adaptability
How does Buffett respond to unexpected valuation gaps?,He invests where mispricing exists.,Adaptability
How does Buffett adapt to changing competitive moats?,He reevaluates long-term sustainability.,Adaptability
How does Buffett respond when risk perceptions change?,He reassesses margin of safety.,Adaptability
How does Buffett adapt to shifts in capital availability?,He invests when others cannot.,Adaptability
How does Buffett respond to sudden industry optimism?,He verifies fundamentals before investing.,Adaptability
How does Buffett adapt investment decisions across market cycles?,He applies consistent principles differently across conditions.,Adaptability
How does Buffett respond to declining investor discipline?,He maintains strict valuation standards.,Adaptability
How does Buffett adapt to unexpected business opportunities?,He acts decisively when value is clear.,Adaptability
How does Buffett respond when uncertainty increases market volatility?,He remains calm and analytical.,Adaptability
How does Buffett adapt Berkshire’s long-term capital deployment?,He aligns investments with durable economic value.,Adaptability
How does Buffett respond when consensus expectations fail?,He trusts independent reasoning.,Adaptability
How does Buffett adapt investment strategy under ambiguity?,He prioritizes simplicity and clarity.,Adaptability
How does Buffett respond to evolving economic landscapes?,He continuously reassesses long-term value drivers.,Adaptability